﻿<?xml version="1.0" encoding="utf-8"?><HelpTOCNode Title="GeneralWindow - поля" Url="html/9ce38b81-6942-16c3-c1bf-7ce609fd214a.htm"><HelpTOCNode Title="authenticatedUser - поле" Url="html/f5944430-a3cb-7c5b-ae41-864fd10b1580.htm" /><HelpTOCNode Title="components - поле" Url="html/0e6cb6f0-3463-868a-900a-0c116878f680.htm" /><HelpTOCNode Title="generateButton - поле" Url="html/9a5d72f4-554c-cbd1-b91a-f436e4c87c25.htm" /><HelpTOCNode Title="generationBox - поле" Url="html/2b002338-b468-4ca0-d138-5773e0f4d7d6.htm" /><HelpTOCNode Title="generationPanel - поле" Url="html/fd1de420-c19b-1611-7af9-b06cedc5ed15.htm" /><HelpTOCNode Title="homeTimeLine - поле" Url="html/30d6867d-badf-5a70-0522-1ef6f0727c3d.htm" /><HelpTOCNode Title="markovChain - поле" Url="html/5191b22f-cc15-a75f-7bde-c56d462da757.htm" /><HelpTOCNode Title="news - поле" Url="html/69bae269-27cd-9d6f-a5db-7fd76312850a.htm" /><HelpTOCNode Title="newsBox - поле" Url="html/f05d79e4-d34b-0a49-b9cc-ff450dd7ca81.htm" /><HelpTOCNode Title="output - поле" Url="html/6c3bd374-fbe2-a254-5dbb-11fe155b8f45.htm" /><HelpTOCNode Title="tableLayoutPanel1 - поле" Url="html/3cd83cb1-dc2f-0761-0c9f-cc0190c9da78.htm" /><HelpTOCNode Title="tableLayoutPanel2 - поле" Url="html/1939217a-d2de-3372-9e56-6cbc7693c00d.htm" /><HelpTOCNode Title="tableLayoutPanel3 - поле" Url="html/8524e43c-0534-0bbb-a166-a0ff541b9aac.htm" /><HelpTOCNode Title="Timer1 - поле" Url="html/5100e189-46c7-a0e2-65f7-348e8cea4c6d.htm" /><HelpTOCNode Title="tweetBox - поле" Url="html/409d34c2-6c59-ed64-b601-cd2a49d693db.htm" /><HelpTOCNode Title="tweetButton - поле" Url="html/bae42094-1dae-4b00-e0cd-ebddd29a8834.htm" /><HelpTOCNode Title="userName - поле" Url="html/1c7c3a08-847f-53a5-50cb-2f586acbd69b.htm" /></HelpTOCNode>