﻿<?xml version="1.0" encoding="utf-8"?>
<HelpKI>
  <HelpKINode Title="ACCESS_TOKEN поле" Url="html/552fd1a7-e6da-f7ea-e692-aa4921a08f23.htm" />
  <HelpKINode Title="ACCESS_TOKEN_SECRET поле" Url="html/c6c604b3-52d1-c4c3-a60b-add36ba15368.htm" />
  <HelpKINode Title="authenticatedUser поле" Url="html/f5944430-a3cb-7c5b-ae41-864fd10b1580.htm" />
  <HelpKINode Title="authenticationContext свойство" Url="html/01cd26ed-c3f4-8f0b-97d5-11a58892f502.htm" />
  <HelpKINode Title="Child - структура">
    <HelpKINode Title="поля" Url="html/503beaaf-44de-4093-350c-5afeb8ce81b3.htm" />
  </HelpKINode>
  <HelpKINode Title="ChildCount поле" Url="html/580635a3-ea43-8773-33d9-0052941466dd.htm" />
  <HelpKINode Title="Childs поле" Url="html/c8b73dd6-dd10-23ca-3ee6-493cd0dca3ba.htm" />
  <HelpKINode Title="components поле">
    <HelpKINode Title="GeneralWindow.components - поле" Url="html/0e6cb6f0-3463-868a-900a-0c116878f680.htm" />
    <HelpKINode Title="LoginForm.components - поле" Url="html/2aeab7f0-9fa2-b8aa-1b1c-2d4f57fa490b.htm" />
  </HelpKINode>
  <HelpKINode Title="CONSUMER_KEY поле" Url="html/eb78ffd8-8a4b-1eff-d0bc-262e23184c21.htm" />
  <HelpKINode Title="CONSUMER_SECRET поле" Url="html/f6199f22-ee2f-3321-e4ec-9ed0026d8e2b.htm" />
  <HelpKINode Title="Dispose метод">
    <HelpKINode Title="GeneralWindow.Dispose - метод" Url="html/71ad7f0d-b40e-c62f-688f-21f08fe60e44.htm" />
    <HelpKINode Title="LoginForm.Dispose - метод" Url="html/53a8fe48-c2f4-22cc-5fea-76b28ba8bfb2.htm" />
  </HelpKINode>
  <HelpKINode Title="End поле" Url="html/cdc4fe92-6cf1-e055-bc47-c2c7e67961c6.htm" />
  <HelpKINode Title="FirstLetterToUpper метод" Url="html/f4b2d9c0-bfd3-20f9-9dde-36d2cb03f56e.htm" />
  <HelpKINode Title="GeneralWindow - класс">
    <HelpKINode Title="GeneralWindow - класс" Url="html/e5e03065-0304-a92c-a0f7-020f6ff550aa.htm" />
    <HelpKINode Title="конструктор" Url="html/c301da58-ec99-d17e-a450-eba5c40a2e42.htm" />
    <HelpKINode Title="методы" Url="html/65d9f72d-0cb7-7187-ac66-04c01102d8b2.htm" />
    <HelpKINode Title="о GeneralWindow - класс" Url="html/e5e03065-0304-a92c-a0f7-020f6ff550aa.htm" />
    <HelpKINode Title="поля" Url="html/9ce38b81-6942-16c3-c1bf-7ce609fd214a.htm" />
  </HelpKINode>
  <HelpKINode Title="GeneralWindow.authenticatedUser поле" Url="html/f5944430-a3cb-7c5b-ae41-864fd10b1580.htm" />
  <HelpKINode Title="GeneralWindow.components поле" Url="html/0e6cb6f0-3463-868a-900a-0c116878f680.htm" />
  <HelpKINode Title="GeneralWindow.Dispose метод" Url="html/71ad7f0d-b40e-c62f-688f-21f08fe60e44.htm" />
  <HelpKINode Title="GeneralWindow.GeneralWindow конструктор" Url="html/c301da58-ec99-d17e-a450-eba5c40a2e42.htm" />
  <HelpKINode Title="GeneralWindow.generateButton поле" Url="html/9a5d72f4-554c-cbd1-b91a-f436e4c87c25.htm" />
  <HelpKINode Title="GeneralWindow.generateButton_Click метод" Url="html/d697934e-3ea8-3d89-edad-e79a00aab849.htm" />
  <HelpKINode Title="GeneralWindow.generationBox поле" Url="html/2b002338-b468-4ca0-d138-5773e0f4d7d6.htm" />
  <HelpKINode Title="GeneralWindow.generationPanel поле" Url="html/fd1de420-c19b-1611-7af9-b06cedc5ed15.htm" />
  <HelpKINode Title="GeneralWindow.getTimelines метод" Url="html/90998f38-341a-f9dd-849b-4d30eacddbf4.htm" />
  <HelpKINode Title="GeneralWindow.homeTimeLine поле" Url="html/30d6867d-badf-5a70-0522-1ef6f0727c3d.htm" />
  <HelpKINode Title="GeneralWindow.InitializeComponent метод" Url="html/9dab11d5-126c-c2b3-33bf-d84f243e3864.htm" />
  <HelpKINode Title="GeneralWindow.markovChain поле" Url="html/5191b22f-cc15-a75f-7bde-c56d462da757.htm" />
  <HelpKINode Title="GeneralWindow.news поле" Url="html/69bae269-27cd-9d6f-a5db-7fd76312850a.htm" />
  <HelpKINode Title="GeneralWindow.newsBox поле" Url="html/f05d79e4-d34b-0a49-b9cc-ff450dd7ca81.htm" />
  <HelpKINode Title="GeneralWindow.output поле" Url="html/6c3bd374-fbe2-a254-5dbb-11fe155b8f45.htm" />
  <HelpKINode Title="GeneralWindow.tableLayoutPanel1 поле" Url="html/3cd83cb1-dc2f-0761-0c9f-cc0190c9da78.htm" />
  <HelpKINode Title="GeneralWindow.tableLayoutPanel2 поле" Url="html/1939217a-d2de-3372-9e56-6cbc7693c00d.htm" />
  <HelpKINode Title="GeneralWindow.tableLayoutPanel3 поле" Url="html/8524e43c-0534-0bbb-a166-a0ff541b9aac.htm" />
  <HelpKINode Title="GeneralWindow.Timer1 поле" Url="html/5100e189-46c7-a0e2-65f7-348e8cea4c6d.htm" />
  <HelpKINode Title="GeneralWindow.tweetBox поле" Url="html/409d34c2-6c59-ed64-b601-cd2a49d693db.htm" />
  <HelpKINode Title="GeneralWindow.tweetButton поле" Url="html/bae42094-1dae-4b00-e0cd-ebddd29a8834.htm" />
  <HelpKINode Title="GeneralWindow.tweetButton_Click метод" Url="html/93c86db9-d252-1a23-88cb-c235032ff6f8.htm" />
  <HelpKINode Title="GeneralWindow.userName поле" Url="html/1c7c3a08-847f-53a5-50cb-2f586acbd69b.htm" />
  <HelpKINode Title="generateButton поле" Url="html/9a5d72f4-554c-cbd1-b91a-f436e4c87c25.htm" />
  <HelpKINode Title="generateButton_Click метод" Url="html/d697934e-3ea8-3d89-edad-e79a00aab849.htm" />
  <HelpKINode Title="generationBox поле" Url="html/2b002338-b468-4ca0-d138-5773e0f4d7d6.htm" />
  <HelpKINode Title="generationPanel поле" Url="html/fd1de420-c19b-1611-7af9-b06cedc5ed15.htm" />
  <HelpKINode Title="getTimelines метод" Url="html/90998f38-341a-f9dd-849b-4d30eacddbf4.htm" />
  <HelpKINode Title="homeTimeLine поле" Url="html/30d6867d-badf-5a70-0522-1ef6f0727c3d.htm" />
  <HelpKINode Title="InitializeComponent метод">
    <HelpKINode Title="GeneralWindow.InitializeComponent - метод" Url="html/9dab11d5-126c-c2b3-33bf-d84f243e3864.htm" />
    <HelpKINode Title="LoginForm.InitializeComponent - метод" Url="html/4588892d-ece2-7f80-49bf-15c5d8b652ea.htm" />
  </HelpKINode>
  <HelpKINode Title="label2 поле" Url="html/49d49e4a-f215-cf8c-e0fb-a964d0539c43.htm" />
  <HelpKINode Title="label3 поле" Url="html/7e771fcc-0a24-2a3a-9794-4ced8900ee82.htm" />
  <HelpKINode Title="Load метод" Url="html/395e581b-bd19-7750-f678-385db632abf2.htm" />
  <HelpKINode Title="loginButton поле" Url="html/8bdf0da8-5510-ee7d-132f-9c38568f4fe5.htm" />
  <HelpKINode Title="loginButton_Click метод" Url="html/7b320587-5c0c-e74a-a6d2-ffebef5fdd0c.htm" />
  <HelpKINode Title="LoginForm - класс">
    <HelpKINode Title="LoginForm - класс" Url="html/a8831856-e02c-f52a-12f4-80354c950d74.htm" />
    <HelpKINode Title="конструктор" Url="html/8dc53a24-e2e4-1fc5-494f-9c817c0d7d4c.htm" />
    <HelpKINode Title="методы" Url="html/2765ddc6-f862-ca5c-1c79-9a72649f9d22.htm" />
    <HelpKINode Title="о LoginForm - класс" Url="html/a8831856-e02c-f52a-12f4-80354c950d74.htm" />
    <HelpKINode Title="поля" Url="html/9b8a1f30-5ae7-806d-befc-b256af01482a.htm" />
    <HelpKINode Title="свойства" Url="html/6edd4cb3-ffeb-bfbe-c8b4-e514f8501afa.htm" />
  </HelpKINode>
  <HelpKINode Title="LoginForm.authenticationContext свойство" Url="html/01cd26ed-c3f4-8f0b-97d5-11a58892f502.htm" />
  <HelpKINode Title="LoginForm.components поле" Url="html/2aeab7f0-9fa2-b8aa-1b1c-2d4f57fa490b.htm" />
  <HelpKINode Title="LoginForm.Dispose метод" Url="html/53a8fe48-c2f4-22cc-5fea-76b28ba8bfb2.htm" />
  <HelpKINode Title="LoginForm.InitializeComponent метод" Url="html/4588892d-ece2-7f80-49bf-15c5d8b652ea.htm" />
  <HelpKINode Title="LoginForm.label2 поле" Url="html/49d49e4a-f215-cf8c-e0fb-a964d0539c43.htm" />
  <HelpKINode Title="LoginForm.label3 поле" Url="html/7e771fcc-0a24-2a3a-9794-4ced8900ee82.htm" />
  <HelpKINode Title="LoginForm.loginButton поле" Url="html/8bdf0da8-5510-ee7d-132f-9c38568f4fe5.htm" />
  <HelpKINode Title="LoginForm.loginButton_Click метод" Url="html/7b320587-5c0c-e74a-a6d2-ffebef5fdd0c.htm" />
  <HelpKINode Title="LoginForm.LoginForm конструктор" Url="html/8dc53a24-e2e4-1fc5-494f-9c817c0d7d4c.htm" />
  <HelpKINode Title="LoginForm.PINBox поле" Url="html/a774db5c-951c-7b90-d278-bed29ed10f65.htm" />
  <HelpKINode Title="LoginForm.PINBox_TextChanged метод" Url="html/ea6debe6-4de8-a4ad-256b-c64e868c089d.htm" />
  <HelpKINode Title="LoginForm.pinCode поле" Url="html/e3b708ef-bfcf-9938-31db-526a0365e067.htm" />
  <HelpKINode Title="LoginForm.userCredentials поле" Url="html/374bb781-8f89-ecb1-07c0-3b0d8d4da07c.htm" />
  <HelpKINode Title="MarkovChain - класс">
    <HelpKINode Title="MarkovChain - класс" Url="html/2e45fcfe-7125-2bf9-2959-05902f2fb8f5.htm" />
    <HelpKINode Title="конструктор" Url="html/00802953-e1cf-56fa-4112-9e9695c9731a.htm" />
    <HelpKINode Title="методы" Url="html/0267b32b-484c-efd0-80af-cd23d26e0065.htm" />
    <HelpKINode Title="о MarkovChain - класс" Url="html/2e45fcfe-7125-2bf9-2959-05902f2fb8f5.htm" />
    <HelpKINode Title="поля" Url="html/bf552d61-b2fc-ebe3-5318-8727bbbf34f0.htm" />
  </HelpKINode>
  <HelpKINode Title="markovChain поле" Url="html/5191b22f-cc15-a75f-7bde-c56d462da757.htm" />
  <HelpKINode Title="MarkovChain.FirstLetterToUpper метод" Url="html/f4b2d9c0-bfd3-20f9-9dde-36d2cb03f56e.htm" />
  <HelpKINode Title="MarkovChain.Load метод" Url="html/395e581b-bd19-7750-f678-385db632abf2.htm" />
  <HelpKINode Title="MarkovChain.MarkovChain конструктор" Url="html/00802953-e1cf-56fa-4112-9e9695c9731a.htm" />
  <HelpKINode Title="MarkovChain.Output метод" Url="html/07260772-d044-ab4c-1dba-bb78c0c407b1.htm" />
  <HelpKINode Title="MarkovChain.startindex поле" Url="html/ad79eca0-9e27-cbce-0fcf-f78e1b0d40bd.htm" />
  <HelpKINode Title="MarkovChain.Words поле" Url="html/6efae19e-3a32-5ece-9e48-f291d84206d5.htm" />
  <HelpKINode Title="news поле" Url="html/69bae269-27cd-9d6f-a5db-7fd76312850a.htm" />
  <HelpKINode Title="newsBox поле" Url="html/f05d79e4-d34b-0a49-b9cc-ff450dd7ca81.htm" />
  <HelpKINode Title="Occurrence поле" Url="html/5b2dfe76-88e4-5610-1d57-76ea74ae200a.htm" />
  <HelpKINode Title="Output метод" Url="html/07260772-d044-ab4c-1dba-bb78c0c407b1.htm" />
  <HelpKINode Title="output поле" Url="html/6c3bd374-fbe2-a254-5dbb-11fe155b8f45.htm" />
  <HelpKINode Title="PINBox поле" Url="html/a774db5c-951c-7b90-d278-bed29ed10f65.htm" />
  <HelpKINode Title="PINBox_TextChanged метод" Url="html/ea6debe6-4de8-a4ad-256b-c64e868c089d.htm" />
  <HelpKINode Title="pinCode поле" Url="html/e3b708ef-bfcf-9938-31db-526a0365e067.htm" />
  <HelpKINode Title="ReadteR - пространство имён" Url="html/607470a3-f19c-22d5-aada-f0ce338764c8.htm" />
  <HelpKINode Title="ReadteR.GeneralWindow - класс" Url="html/e5e03065-0304-a92c-a0f7-020f6ff550aa.htm" />
  <HelpKINode Title="ReadteR.LoginForm - класс" Url="html/a8831856-e02c-f52a-12f4-80354c950d74.htm" />
  <HelpKINode Title="ReadteR.MarkovChain - класс" Url="html/2e45fcfe-7125-2bf9-2959-05902f2fb8f5.htm" />
  <HelpKINode Title="ReadteR.Secret - класс" Url="html/74557560-fd02-dc46-43b9-b187a10400d9.htm" />
  <HelpKINode Title="ReadteR.Structs - класс" Url="html/f61e0337-f9e4-6a14-992a-31d0b4767bca.htm" />
  <HelpKINode Title="ReadteR.Structs.Child - структура" Url="html/baccb56c-27dc-58db-9c20-502f5d3a231d.htm" />
  <HelpKINode Title="ReadteR.Structs.RootWord - структура" Url="html/488ab18b-0e9a-223f-6932-3a83e1a2526e.htm" />
  <HelpKINode Title="RootWord - структура">
    <HelpKINode Title="поля" Url="html/68cf0269-8a44-fb50-d5b2-0b8e738eebf4.htm" />
  </HelpKINode>
  <HelpKINode Title="Secret - класс">
    <HelpKINode Title="Secret - класс" Url="html/74557560-fd02-dc46-43b9-b187a10400d9.htm" />
    <HelpKINode Title="конструктор" Url="html/cc065e63-53a3-dca2-cb4e-faada9f45af7.htm" />
    <HelpKINode Title="о Secret - класс" Url="html/74557560-fd02-dc46-43b9-b187a10400d9.htm" />
    <HelpKINode Title="поля" Url="html/809937ea-dd93-0dc7-024c-2853aefafa73.htm" />
  </HelpKINode>
  <HelpKINode Title="Secret.ACCESS_TOKEN поле" Url="html/552fd1a7-e6da-f7ea-e692-aa4921a08f23.htm" />
  <HelpKINode Title="Secret.ACCESS_TOKEN_SECRET поле" Url="html/c6c604b3-52d1-c4c3-a60b-add36ba15368.htm" />
  <HelpKINode Title="Secret.CONSUMER_KEY поле" Url="html/eb78ffd8-8a4b-1eff-d0bc-262e23184c21.htm" />
  <HelpKINode Title="Secret.CONSUMER_SECRET поле" Url="html/f6199f22-ee2f-3321-e4ec-9ed0026d8e2b.htm" />
  <HelpKINode Title="Secret.Secret конструктор" Url="html/cc065e63-53a3-dca2-cb4e-faada9f45af7.htm" />
  <HelpKINode Title="Start поле" Url="html/f532c208-34d5-1e8f-f13f-d5caaa427668.htm" />
  <HelpKINode Title="startindex поле" Url="html/ad79eca0-9e27-cbce-0fcf-f78e1b0d40bd.htm" />
  <HelpKINode Title="Structs - класс">
    <HelpKINode Title="Structs - класс" Url="html/f61e0337-f9e4-6a14-992a-31d0b4767bca.htm" />
    <HelpKINode Title="конструктор" Url="html/d540e7d3-b5af-a2d6-19ab-aad675e0370b.htm" />
    <HelpKINode Title="о Structs - класс" Url="html/f61e0337-f9e4-6a14-992a-31d0b4767bca.htm" />
  </HelpKINode>
  <HelpKINode Title="Structs.Child - структура">
    <HelpKINode Title="Structs.Child - структура" Url="html/baccb56c-27dc-58db-9c20-502f5d3a231d.htm" />
    <HelpKINode Title="о Structs.Child - структура" Url="html/baccb56c-27dc-58db-9c20-502f5d3a231d.htm" />
  </HelpKINode>
  <HelpKINode Title="Structs.Child.Occurrence поле" Url="html/5b2dfe76-88e4-5610-1d57-76ea74ae200a.htm" />
  <HelpKINode Title="Structs.Child.Word поле" Url="html/5752af02-e6d2-6c82-3570-191860e67277.htm" />
  <HelpKINode Title="Structs.RootWord - структура">
    <HelpKINode Title="Structs.RootWord - структура" Url="html/488ab18b-0e9a-223f-6932-3a83e1a2526e.htm" />
    <HelpKINode Title="о Structs.RootWord - структура" Url="html/488ab18b-0e9a-223f-6932-3a83e1a2526e.htm" />
  </HelpKINode>
  <HelpKINode Title="Structs.RootWord.ChildCount поле" Url="html/580635a3-ea43-8773-33d9-0052941466dd.htm" />
  <HelpKINode Title="Structs.RootWord.Childs поле" Url="html/c8b73dd6-dd10-23ca-3ee6-493cd0dca3ba.htm" />
  <HelpKINode Title="Structs.RootWord.End поле" Url="html/cdc4fe92-6cf1-e055-bc47-c2c7e67961c6.htm" />
  <HelpKINode Title="Structs.RootWord.Start поле" Url="html/f532c208-34d5-1e8f-f13f-d5caaa427668.htm" />
  <HelpKINode Title="Structs.RootWord.Word поле" Url="html/6c1b5fe2-3ec2-c988-bc35-a33d899d2aa0.htm" />
  <HelpKINode Title="Structs.Structs конструктор" Url="html/d540e7d3-b5af-a2d6-19ab-aad675e0370b.htm" />
  <HelpKINode Title="tableLayoutPanel1 поле" Url="html/3cd83cb1-dc2f-0761-0c9f-cc0190c9da78.htm" />
  <HelpKINode Title="tableLayoutPanel2 поле" Url="html/1939217a-d2de-3372-9e56-6cbc7693c00d.htm" />
  <HelpKINode Title="tableLayoutPanel3 поле" Url="html/8524e43c-0534-0bbb-a166-a0ff541b9aac.htm" />
  <HelpKINode Title="Timer1 поле" Url="html/5100e189-46c7-a0e2-65f7-348e8cea4c6d.htm" />
  <HelpKINode Title="tweetBox поле" Url="html/409d34c2-6c59-ed64-b601-cd2a49d693db.htm" />
  <HelpKINode Title="tweetButton поле" Url="html/bae42094-1dae-4b00-e0cd-ebddd29a8834.htm" />
  <HelpKINode Title="tweetButton_Click метод" Url="html/93c86db9-d252-1a23-88cb-c235032ff6f8.htm" />
  <HelpKINode Title="userCredentials поле" Url="html/374bb781-8f89-ecb1-07c0-3b0d8d4da07c.htm" />
  <HelpKINode Title="userName поле" Url="html/1c7c3a08-847f-53a5-50cb-2f586acbd69b.htm" />
  <HelpKINode Title="Word поле">
    <HelpKINode Title="Structs.Child.Word - поле" Url="html/5752af02-e6d2-6c82-3570-191860e67277.htm" />
    <HelpKINode Title="Structs.RootWord.Word - поле" Url="html/6c1b5fe2-3ec2-c988-bc35-a33d899d2aa0.htm" />
  </HelpKINode>
  <HelpKINode Title="Words поле" Url="html/6efae19e-3a32-5ece-9e48-f291d84206d5.htm" />
</HelpKI>
