﻿<?xml version="1.0" encoding="utf-8"?>
<HelpTOC>

  <HelpTOCNode Id="3d0acd33-0e1d-4fc1-b843-917c8e38fb43" Title="ReadteR" Url="html/607470a3-f19c-22d5-aada-f0ce338764c8.htm">
    <HelpTOCNode Id="ede48426-0e0f-41b9-a989-7aa3dd0a4f71" Title="GeneralWindow - класс" Url="html/e5e03065-0304-a92c-a0f7-020f6ff550aa.htm">
      <HelpTOCNode Title="GeneralWindow - конструктор" Url="html/c301da58-ec99-d17e-a450-eba5c40a2e42.htm" />
      <HelpTOCNode Id="d64c71b3-d3e4-404e-9343-bf432f5758c4" Title="GeneralWindow - поля" Url="html/9ce38b81-6942-16c3-c1bf-7ce609fd214a.htm">
        <HelpTOCNode Title="authenticatedUser - поле" Url="html/f5944430-a3cb-7c5b-ae41-864fd10b1580.htm" />
        <HelpTOCNode Title="components - поле" Url="html/0e6cb6f0-3463-868a-900a-0c116878f680.htm" />
        <HelpTOCNode Title="generateButton - поле" Url="html/9a5d72f4-554c-cbd1-b91a-f436e4c87c25.htm" />
        <HelpTOCNode Title="generationBox - поле" Url="html/2b002338-b468-4ca0-d138-5773e0f4d7d6.htm" />
        <HelpTOCNode Title="generationPanel - поле" Url="html/fd1de420-c19b-1611-7af9-b06cedc5ed15.htm" />
        <HelpTOCNode Title="homeTimeLine - поле" Url="html/30d6867d-badf-5a70-0522-1ef6f0727c3d.htm" />
        <HelpTOCNode Title="markovChain - поле" Url="html/5191b22f-cc15-a75f-7bde-c56d462da757.htm" />
        <HelpTOCNode Title="news - поле" Url="html/69bae269-27cd-9d6f-a5db-7fd76312850a.htm" />
        <HelpTOCNode Title="newsBox - поле" Url="html/f05d79e4-d34b-0a49-b9cc-ff450dd7ca81.htm" />
        <HelpTOCNode Title="output - поле" Url="html/6c3bd374-fbe2-a254-5dbb-11fe155b8f45.htm" />
        <HelpTOCNode Title="tableLayoutPanel1 - поле" Url="html/3cd83cb1-dc2f-0761-0c9f-cc0190c9da78.htm" />
        <HelpTOCNode Title="tableLayoutPanel2 - поле" Url="html/1939217a-d2de-3372-9e56-6cbc7693c00d.htm" />
        <HelpTOCNode Title="tableLayoutPanel3 - поле" Url="html/8524e43c-0534-0bbb-a166-a0ff541b9aac.htm" />
        <HelpTOCNode Title="Timer1 - поле" Url="html/5100e189-46c7-a0e2-65f7-348e8cea4c6d.htm" />
        <HelpTOCNode Title="tweetBox - поле" Url="html/409d34c2-6c59-ed64-b601-cd2a49d693db.htm" />
        <HelpTOCNode Title="tweetButton - поле" Url="html/bae42094-1dae-4b00-e0cd-ebddd29a8834.htm" />
        <HelpTOCNode Title="userName - поле" Url="html/1c7c3a08-847f-53a5-50cb-2f586acbd69b.htm" />
      </HelpTOCNode>
      <HelpTOCNode Id="2caef428-dfe6-41a5-b128-7cdc69a9f040" Title="GeneralWindow - методы" Url="html/65d9f72d-0cb7-7187-ac66-04c01102d8b2.htm">
        <HelpTOCNode Title="Dispose - метод" Url="html/71ad7f0d-b40e-c62f-688f-21f08fe60e44.htm" />
        <HelpTOCNode Title="generateButton_Click - метод" Url="html/d697934e-3ea8-3d89-edad-e79a00aab849.htm" />
        <HelpTOCNode Title="getTimelines - метод" Url="html/90998f38-341a-f9dd-849b-4d30eacddbf4.htm" />
        <HelpTOCNode Title="InitializeComponent - метод" Url="html/9dab11d5-126c-c2b3-33bf-d84f243e3864.htm" />
        <HelpTOCNode Title="tweetButton_Click - метод" Url="html/93c86db9-d252-1a23-88cb-c235032ff6f8.htm" />
      </HelpTOCNode>
    </HelpTOCNode>
    <HelpTOCNode Id="897a2c7a-8ab9-4fd9-9be8-dd93855ca637" Title="LoginForm - класс" Url="html/a8831856-e02c-f52a-12f4-80354c950d74.htm">
      <HelpTOCNode Title="LoginForm - конструктор" Url="html/8dc53a24-e2e4-1fc5-494f-9c817c0d7d4c.htm" />
      <HelpTOCNode Id="1862e0d4-e8e9-49cc-a568-a6ab4488757a" Title="LoginForm - поля" Url="html/9b8a1f30-5ae7-806d-befc-b256af01482a.htm">
        <HelpTOCNode Title="components - поле" Url="html/2aeab7f0-9fa2-b8aa-1b1c-2d4f57fa490b.htm" />
        <HelpTOCNode Title="label2 - поле" Url="html/49d49e4a-f215-cf8c-e0fb-a964d0539c43.htm" />
        <HelpTOCNode Title="label3 - поле" Url="html/7e771fcc-0a24-2a3a-9794-4ced8900ee82.htm" />
        <HelpTOCNode Title="loginButton - поле" Url="html/8bdf0da8-5510-ee7d-132f-9c38568f4fe5.htm" />
        <HelpTOCNode Title="PINBox - поле" Url="html/a774db5c-951c-7b90-d278-bed29ed10f65.htm" />
        <HelpTOCNode Title="pinCode - поле" Url="html/e3b708ef-bfcf-9938-31db-526a0365e067.htm" />
        <HelpTOCNode Title="userCredentials - поле" Url="html/374bb781-8f89-ecb1-07c0-3b0d8d4da07c.htm" />
      </HelpTOCNode>
      <HelpTOCNode Id="cff09672-577f-4541-ac2e-55b5d2e4b021" Title="LoginForm - методы" Url="html/2765ddc6-f862-ca5c-1c79-9a72649f9d22.htm">
        <HelpTOCNode Title="Dispose - метод" Url="html/53a8fe48-c2f4-22cc-5fea-76b28ba8bfb2.htm" />
        <HelpTOCNode Title="InitializeComponent - метод" Url="html/4588892d-ece2-7f80-49bf-15c5d8b652ea.htm" />
        <HelpTOCNode Title="loginButton_Click - метод" Url="html/7b320587-5c0c-e74a-a6d2-ffebef5fdd0c.htm" />
        <HelpTOCNode Title="PINBox_TextChanged - метод" Url="html/ea6debe6-4de8-a4ad-256b-c64e868c089d.htm" />
      </HelpTOCNode>
      <HelpTOCNode Id="aad0f6a1-b7e4-418d-bd40-65e7b9a1f5b4" Title="LoginForm - свойства" Url="html/6edd4cb3-ffeb-bfbe-c8b4-e514f8501afa.htm">
        <HelpTOCNode Title="authenticationContext - свойство" Url="html/01cd26ed-c3f4-8f0b-97d5-11a58892f502.htm" />
      </HelpTOCNode>
    </HelpTOCNode>
    <HelpTOCNode Id="775158bc-fdfc-4b57-842f-86d1bc69c7f7" Title="MarkovChain - класс" Url="html/2e45fcfe-7125-2bf9-2959-05902f2fb8f5.htm">
      <HelpTOCNode Title="MarkovChain - конструктор" Url="html/00802953-e1cf-56fa-4112-9e9695c9731a.htm" />
      <HelpTOCNode Id="e90508c8-41a9-41ea-9d7d-82596779f782" Title="MarkovChain - поля" Url="html/bf552d61-b2fc-ebe3-5318-8727bbbf34f0.htm">
        <HelpTOCNode Title="startindex - поле" Url="html/ad79eca0-9e27-cbce-0fcf-f78e1b0d40bd.htm" />
        <HelpTOCNode Title="Words - поле" Url="html/6efae19e-3a32-5ece-9e48-f291d84206d5.htm" />
      </HelpTOCNode>
      <HelpTOCNode Id="fde7d916-99ae-4355-9748-1635cc01aeb9" Title="MarkovChain - методы" Url="html/0267b32b-484c-efd0-80af-cd23d26e0065.htm">
        <HelpTOCNode Title="FirstLetterToUpper - метод" Url="html/f4b2d9c0-bfd3-20f9-9dde-36d2cb03f56e.htm" />
        <HelpTOCNode Title="Load - метод" Url="html/395e581b-bd19-7750-f678-385db632abf2.htm" />
        <HelpTOCNode Title="Output - метод" Url="html/07260772-d044-ab4c-1dba-bb78c0c407b1.htm" />
      </HelpTOCNode>
    </HelpTOCNode>
    <HelpTOCNode Id="da0e88c9-eb4b-4db2-a414-8692e2b7478f" Title="Secret - класс" Url="html/74557560-fd02-dc46-43b9-b187a10400d9.htm">
      <HelpTOCNode Title="Secret - конструктор" Url="html/cc065e63-53a3-dca2-cb4e-faada9f45af7.htm" />
      <HelpTOCNode Id="f381e49f-72cd-4c9b-8f9d-0c6201e9520b" Title="Secret - поля" Url="html/809937ea-dd93-0dc7-024c-2853aefafa73.htm">
        <HelpTOCNode Title="ACCESS_TOKEN - поле" Url="html/552fd1a7-e6da-f7ea-e692-aa4921a08f23.htm" />
        <HelpTOCNode Title="ACCESS_TOKEN_SECRET - поле" Url="html/c6c604b3-52d1-c4c3-a60b-add36ba15368.htm" />
        <HelpTOCNode Title="CONSUMER_KEY - поле" Url="html/eb78ffd8-8a4b-1eff-d0bc-262e23184c21.htm" />
        <HelpTOCNode Title="CONSUMER_SECRET - поле" Url="html/f6199f22-ee2f-3321-e4ec-9ed0026d8e2b.htm" />
      </HelpTOCNode>
    </HelpTOCNode>
    <HelpTOCNode Id="bc5ae3c6-da99-4b02-ad70-abd187eca857" Title="Structs - класс" Url="html/f61e0337-f9e4-6a14-992a-31d0b4767bca.htm">
      <HelpTOCNode Title="Structs - конструктор" Url="html/d540e7d3-b5af-a2d6-19ab-aad675e0370b.htm" />
    </HelpTOCNode>
    <HelpTOCNode Id="07c1e493-a4b4-4eca-abfc-00c3e43af5f1" Title="Structs.Child - структура" Url="html/baccb56c-27dc-58db-9c20-502f5d3a231d.htm">
      <HelpTOCNode Id="1714932b-a36e-4ae0-a4c6-b101cb1137e7" Title="Child - поля" Url="html/503beaaf-44de-4093-350c-5afeb8ce81b3.htm">
        <HelpTOCNode Title="Occurrence - поле" Url="html/5b2dfe76-88e4-5610-1d57-76ea74ae200a.htm" />
        <HelpTOCNode Title="Word - поле" Url="html/5752af02-e6d2-6c82-3570-191860e67277.htm" />
      </HelpTOCNode>
    </HelpTOCNode>
    <HelpTOCNode Id="14eca0ff-f484-4cd2-add2-848a6225a993" Title="Structs.RootWord - структура" Url="html/488ab18b-0e9a-223f-6932-3a83e1a2526e.htm">
      <HelpTOCNode Id="56561c8b-b853-4bd7-ba31-ed74ce5f6b52" Title="RootWord - поля" Url="html/68cf0269-8a44-fb50-d5b2-0b8e738eebf4.htm">
        <HelpTOCNode Title="ChildCount - поле" Url="html/580635a3-ea43-8773-33d9-0052941466dd.htm" />
        <HelpTOCNode Title="Childs - поле" Url="html/c8b73dd6-dd10-23ca-3ee6-493cd0dca3ba.htm" />
        <HelpTOCNode Title="End - поле" Url="html/cdc4fe92-6cf1-e055-bc47-c2c7e67961c6.htm" />
        <HelpTOCNode Title="Start - поле" Url="html/f532c208-34d5-1e8f-f13f-d5caaa427668.htm" />
        <HelpTOCNode Title="Word - поле" Url="html/6c1b5fe2-3ec2-c988-bc35-a33d899d2aa0.htm" />
      </HelpTOCNode>
    </HelpTOCNode>
  </HelpTOCNode>
</HelpTOC>
